{"index":{"_id":"1"}}
{"messageTile": "a", "join_field": "parentType"}
{"index":{"_id":"2"}}
{"messageTile": "b", "join_field": "parentType"}
{"index":{"_id":"3"}}
{"messageTile": "c", "join_field": "parentType"}
{"index":{"_id":"4"}}
{"messageTile": "d", "join_field": "parentType"}
{"index":{"_id":"5", "routing": "1"}}
{"info":"a","author":"e","dayOfWeek":1, "join_field": {"name": "childrenType", "parent": "1"}}
{"index":{"_id":"6", "routing": "2"}}
{"info":"b","author":"f","dayOfWeek":2, "join_field": {"name": "childrenType", "parent": "2"}}
{"index":{"_id":"7", "routing": "3"}}
{"info":"c","author":"g","dayOfWeek":1, "join_field": {"name": "childrenType", "parent": "3"}}
{"index":{"_id":"8", "routing": "4"}}
{"info":"d","author":"h","dayOfWeek":3, "join_field": {"name": "childrenType", "parent": "4"}}
{"index":{"_id":"9", "routing": "1"}}
{"info":"a","author":"h","dayOfWeek":3, "join_field": {"name": "childrenType", "parent": "1"}}
