{"index":{}}
{"odbc_time":"{ts '2015-03-16 13:27:33.953'}", "docCount":"1"}
{"index":{}}
{"odbc_time":"{ts '2015-03-15 13:27:33.953'}", "docCount":"2"}
{"index":{}}
{"odbc_time":"{ts '2015-03-14 13:27:33.953'}", "docCount":"3"}
{"index":{}}
{"odbc_time":"{ts '2015-03-13 13:27:33.954'}", "docCount":"4"}
{"index":{}}
{"odbc_time":"{ts '2015-03-12 13:27:33.954'}", "docCount":"5"}
{"index":{}}
{"odbc_time":"{ts '2015-03-11 13:27:33.955'}", "docCount":"6"}
{"index":{}}
{"odbc_time":"{ts '2015-03-10 13:27:33.955'}", "docCount":"7"}
{"index":{}}
{"odbc_time":"{ts '2015-03-09 13:27:33.955'}", "docCount":"8"}
{"index":{}}
{"odbc_time":"{ts '2015-03-08 13:27:33.956'}", "docCount":"9"}
{"index":{}}
{"odbc_time":"{ts '2015-03-07 13:27:33.956'}", "docCount":"10"}
